{
  "properties": {
    "connectionReferences": {
      "shared_flowmanagement": {
        "runtimeSource": "invoker",
        "connection": {
          "connectionReferenceLogicalName": "rj_sharedflowmanagement_170aa"
        },
        "api": {
          "name": "shared_flowmanagement"
        }
      },
      "shared_office365users": {
        "runtimeSource": "invoker",
        "connection": {
          "connectionReferenceLogicalName": "rj_sharedoffice365users_182de"
        },
        "api": {
          "name": "shared_office365users"
        }
      }
    },
    "definition": {
      "$schema": "https://schema.management.azure.com/providers/Microsoft.Logic/schemas/2016-06-01/workflowdefinition.json#",
      "contentVersion": "undefined",
      "parameters": {
        "$authentication": {
          "defaultValue": {},
          "type": "SecureObject"
        },
        "$connections": {
          "defaultValue": {},
          "type": "Object"
        }
      },
      "triggers": {
        "manual": {
          "type": "Request",
          "kind": "Button",
          "inputs": {
            "schema": {
              "type": "object",
              "properties": {},
              "required": []
            }
          }
        }
      },
      "actions": {
        "Try": {
          "actions": {
            "Number": {
              "type": "Compose",
              "inputs": 1
            },
            "Error": {
              "runAfter": {
                "Letters": [
                  "Succeeded"
                ]
              },
              "type": "Compose",
              "inputs": "@div(outputs('Number'),outputs('Letters'))"
            },
            "Letters": {
              "runAfter": {
                "Number": [
                  "Succeeded"
                ]
              },
              "type": "Compose",
              "inputs": "A"
            }
          },
          "runAfter": {},
          "type": "Scope"
        },
        "Catch": {
          "actions": {
            "Filter_array": {
              "type": "Query",
              "inputs": {
                "from": "@result('Try')",
                "where": "@not(equals(item()?['status'],'Succeeded'))"
              }
            },
            "WorkFlowName": {
              "runAfter": {
                "Filter_array": [
                  "Succeeded"
                ]
              },
              "type": "Compose",
              "inputs": "@workflow()?['tags']?['flowDisplayName']"
            },
            "WorkFlowRunUrl": {
              "runAfter": {
                "WorkFlowName": [
                  "Succeeded"
                ]
              },
              "type": "Compose",
              "inputs": "@string(concat('https://flow.microsoft.com/manage/environments/', workflow()['tags']['environmentName'], '/flows/', workflow()['name'], '/runs/', workflow()['run']['name']))"
            },
            "List_Flow_Owners": {
              "runAfter": {
                "WorkFlowRunUrl": [
                  "Succeeded"
                ]
              },
              "type": "OpenApiConnection",
              "inputs": {
                "parameters": {
                  "environmentName": "@workflow()?['tags']?['environmentName']",
                  "flowName": "@workflow()?['name']"
                },
                "host": {
                  "apiId": "/providers/Microsoft.PowerApps/apis/shared_flowmanagement",
                  "connectionName": "shared_flowmanagement",
                  "operationId": "ListFlowOwners"
                },
                "authentication": {
                  "value": "@json(decodeBase64(triggerOutputs().headers['X-MS-APIM-Tokens']))['$ConnectionKey']",
                  "type": "Raw"
                }
              }
            },
            "For_each": {
              "foreach": "@outputs('List_Flow_Owners')?['body/value']",
              "actions": {
                "Get_user_profile_(V2)": {
                  "type": "OpenApiConnection",
                  "inputs": {
                    "parameters": {
                      "id": "@items('For_each')?['properties/principal/email']"
                    },
                    "host": {
                      "apiId": "/providers/Microsoft.PowerApps/apis/shared_office365users",
                      "connectionName": "shared_office365users",
                      "operationId": "UserProfile_V2"
                    },
                    "authentication": {
                      "value": "@json(decodeBase64(triggerOutputs().headers['X-MS-APIM-Tokens']))['$ConnectionKey']",
                      "type": "Raw"
                    }
                  }
                }
              },
              "runAfter": {
                "List_Flow_Owners": [
                  "Succeeded"
                ]
              },
              "type": "Foreach"
            }
          },
          "runAfter": {
            "Try": [
              "TimedOut",
              "Skipped",
              "Failed"
            ]
          },
          "type": "Scope"
        },
        "Finally": {
          "actions": {},
          "runAfter": {
            "Catch": [
              "Succeeded",
              "TimedOut",
              "Skipped",
              "Failed"
            ]
          },
          "type": "Scope"
        }
      }
    },
    "templateName": null
  },
  "schemaVersion": "1.0.0.0"
}